equipment,holes,total_length_m,mean_rate_m_per_hr,median_rate_m_per_hr,estimated_drilling_hours,redrill_rate_pct,wet_rate_pct,quality_flag_rate_pct,valid_model_rows
SDR_03,237,3560.9,57.310344827586206,41.05,86.6843145222834,0.0,4.219409282700422,6.329113924050633,217
SDR_05,194,2945.7,47.34631578947368,40.650000000000006,72.07948982837492,0.0,3.0927835051546393,7.216494845360824,176
SDR_07,137,2060.2,56.92444444444445,52.5,40.34817878821956,0.0,0.7299270072992701,2.18978102189781,132
SDR_02,134,1991.2,66.1546875,40.9,49.343527784864676,0.0,3.731343283582089,2.9850746268656714,124
Unknown,33,414.4,,,0.0,81.81818181818183,6.0606060606060606,0.0,0
SDR_06,14,200.1,52.34285714285714,50.599999999999994,3.890399019660021,0.0,0.0,0.0,14
