operator,holes,total_length_m,mean_rate_m_per_hr,median_rate_m_per_hr,estimated_drilling_hours,redrill_rate_pct,wet_rate_pct,quality_flag_rate_pct,valid_model_rows
Willis Samahanda,228,3404.1,49.93511111111111,40.4,86.28601746981931,0.0,2.1929824561403506,1.3157894736842104,222
Kofi O. Addo,194,2934.9,50.96808510638298,43.349999999999994,68.59520283267457,0.0,2.5773195876288657,7.731958762886598,173
Chama Mambwe,107,1620.8,93.12307692307692,40.95,36.675147053381664,0.0,11.214953271028037,15.887850467289718,87
Henry Kalituta,102,1528.8,41.984693877551024,41.25,36.06768450895242,0.0,0.0,0.0,98
Mulenga Stanley,71,1069.4,54.68142857142857,53.55,20.8314590589146,0.0,0.0,1.4084507042253522,69
Unknown,33,414.4,,,0.0,81.81818181818183,6.0606060606060606,0.0,0
Fordson Kabangu,14,200.1,52.34285714285714,50.599999999999994,3.890399019660021,0.0,0.0,0.0,14
